# Food and drink. Columns: simplified, traditional (= if the same), pinyin, english.
# Pinyin: one syllable per space, tone digit 1-4 at the end, none for neutral tone, v for u-umlaut.
米饭	米飯	mi3 fan4	cooked rice
面条	麵條	mian4 tiao2	noodles
饺子	餃子	jiao3 zi	dumpling
包子	=	bao1 zi	steamed bun
鸡蛋	雞蛋	ji1 dan4	egg
牛肉	=	niu2 rou4	beef
猪肉	豬肉	zhu1 rou4	pork
鸡肉	雞肉	ji1 rou4	chicken (meat)
鱼	魚	yu2	fish
豆腐	=	dou4 fu	tofu
蔬菜	=	shu1 cai4	vegetables
水果	=	shui3 guo3	fruit
苹果	蘋果	ping2 guo3	apple
香蕉	=	xiang1 jiao1	banana
西瓜	=	xi1 gua1	watermelon
茶	=	cha2	tea
咖啡	=	ka1 fei1	coffee
牛奶	=	niu2 nai3	milk
啤酒	=	pi2 jiu3	beer
水	=	shui3	water
汤	湯	tang1	soup
火锅	火鍋	huo3 guo1	hot pot
筷子	=	kuai4 zi	chopsticks
菜单	菜單	cai4 dan1	menu
好吃	=	hao3 chi1	delicious
辣	=	la4	spicy
甜	=	tian2	sweet
饿	餓	e4	hungry
渴	=	ke3	thirsty
买单	買單	mai3 dan1	to pay the bill
服务员	服務員	fu2 wu4 yuan2	waiter
早饭	早飯	zao3 fan4	breakfast
