# HSK 4. Columns: simplified, traditional (= if the same), pinyin, english.
# Pinyin: one syllable per space, tone digit 1-4 at the end, none for neutral tone, v for u-umlaut.
# Shuffled once so that similar-sounding words are not learned back to back.
顺利	順利	shun4 li4	smoothly
网站	網站	wang3 zhan4	website
酸	=	suan1	sour
放弃	放棄	fang4 qi4	to give up
礼拜天	禮拜天	li3 bai4 tian1	Sunday
区别	區別	qu1 bie2	difference
经验	經驗	jing1 yan4	experience
反对	反對	fan3 dui4	to oppose
剩	=	sheng4	to be left over
开心	開心	kai1 xin1	happy
进行	進行	jin4 xing2	to carry out
演出	=	yan3 chu1	performance
勺子	=	shao2 zi	spoon
合格	=	he2 ge2	qualified
说明	說明	shuo1 ming2	to explain
赢	贏	ying2	to win
温度	溫度	wen1 du4	temperature
当	當	dang1	to be; when
帅	帥	shuai4	handsome
功夫	=	gong1 fu	kung fu
经济	經濟	jing1 ji4	economy
性格	=	xing4 ge2	personality
任何	=	ren4 he2	any
勇敢	=	yong3 gan3	brave
正好	=	zheng4 hao3	just right
照	=	zhao4	to shine; photo
戴	=	dai4	to wear (accessory)
辛苦	=	xin1 ku3	hard, toilsome
礼貌	禮貌	li3 mao4	polite
后悔	後悔	hou4 hui3	to regret
厨房	廚房	chu2 fang2	kitchen
降低	=	jiang4 di1	to lower
相同	=	xiang1 tong2	the same
陪	=	pei2	to accompany
死	=	si3	to die
使	=	shi3	to make, to cause
篇	=	pian1	measure: articles
记者	記者	ji4 zhe3	journalist
竞争	競爭	jing4 zheng1	to compete
相反	=	xiang1 fan3	opposite
作家	=	zuo4 jia1	writer
梦	夢	meng4	dream
拒绝	拒絕	ju4 jue2	to refuse
师傅	師傅	shi1 fu	master worker
亲戚	親戚	qin1 qi	relative
专业	專業	zhuan1 ye4	major, specialty
厕所	廁所	ce4 suo3	toilet
刚	剛	gang1	just now
毛巾	=	mao2 jin1	towel
放松	放鬆	fang4 song1	to relax
心情	=	xin1 qing2	mood
取	=	qu3	to take, to fetch
目的	=	mu4 di4	purpose
责任	責任	ze2 ren4	responsibility
质量	質量	zhi4 liang4	quality
味道	=	wei4 dao	taste, flavor
骄傲	驕傲	jiao1 ao4	proud
逛	=	guang4	to stroll
抱	=	bao4	to hug
因此	=	yin1 ci3	therefore
信心	=	xin4 xin1	confidence
行	=	xing2	OK, all right
页	頁	ye4	page
够	夠	gou4	enough
沙发	沙發	sha1 fa1	sofa
笑话	笑話	xiao4 hua	joke
情况	情況	qing2 kuang4	situation
本来	本來	ben3 lai2	originally
老虎	=	lao3 hu3	tiger
发生	發生	fa1 sheng1	to happen
真正	=	zhen1 zheng4	real, true
小说	小說	xiao3 shuo1	novel
浪漫	=	lang4 man4	romantic
参观	參觀	can1 guan1	to visit (a place)
过程	過程	guo4 cheng2	process
出现	出現	chu1 xian4	to appear
符合	=	fu2 he2	to conform to
西红柿	西紅柿	xi1 hong2 shi4	tomato
稍微	=	shao1 wei1	slightly
叶子	葉子	ye4 zi	leaf
出差	=	chu1 chai1	business trip
增加	=	zeng1 jia1	to increase
愉快	=	yu2 kuai4	pleasant
吸引	=	xi1 yin3	to attract
扔	=	reng1	to throw
擦	=	ca1	to wipe
适应	適應	shi4 ying4	to adapt
竟然	=	jing4 ran2	unexpectedly
毛	=	mao2	hair; 0.1 yuan
保护	保護	bao3 hu4	to protect
随着	隨著	sui2 zhe	along with
各	=	ge4	each, every
工资	工資	gong1 zi1	salary
空	=	kong1	empty
由于	由於	you2 yu2	due to
态度	態度	tai4 du	attitude
省	=	sheng3	province; to save
缺少	=	que1 shao3	to lack
大概	=	da4 gai4	probably
同情	=	tong2 qing2	sympathy
空气	空氣	kong1 qi4	air
赚	賺	zhuan4	to earn
躺	=	tang3	to lie down
暖和	=	nuan3 huo	warm
购物	購物	gou4 wu4	shopping
平时	平時	ping2 shi2	usually
气候	氣候	qi4 hou4	climate
公里	=	gong1 li3	kilometer
出生	=	chu1 sheng1	to be born
厚	=	hou4	thick
寄	=	ji4	to mail
乒乓球	=	ping1 pang1 qiu2	table tennis
建议	建議	jian4 yi4	to suggest
挺	=	ting3	quite, rather
预习	預習	yu4 xi2	to preview (lessons)
祝贺	祝賀	zhu4 he4	to congratulate
严格	嚴格	yan2 ge2	strict
永远	永遠	yong3 yuan3	forever
收拾	=	shou1 shi	to tidy up
接受	=	jie1 shou4	to accept
火	=	huo3	fire
杂志	雜誌	za2 zhi4	magazine
笨	=	ben4	stupid
报名	報名	bao4 ming2	to sign up
指	=	zhi3	to point; finger
父亲	父親	fu4 qin1	father
排队	排隊	pai2 dui4	to line up
出发	出發	chu1 fa1	to set off
饼干	餅乾	bing3 gan1	biscuit
墙	牆	qiang2	wall
通过	通過	tong1 guo4	to pass; through
消息	=	xiao1 xi	news, message
打招呼	=	da3 zhao1 hu	to greet
对于	對於	dui4 yu2	regarding
长江	長江	chang2 jiang1	Yangtze River
抱歉	=	bao4 qian4	sorry
猜	=	cai1	to guess
交流	=	jiao1 liu2	to exchange
海洋	=	hai3 yang2	ocean
懒	懶	lan3	lazy
内容	內容	nei4 rong2	content
随便	隨便	sui2 bian4	casual, as you like
计划	計劃	ji4 hua4	plan
怀疑	懷疑	huai2 yi2	to doubt
讨厌	討厭	tao3 yan4	to dislike
打印	=	da3 yin4	to print
节约	節約	jie2 yue1	to save, to economize
护士	護士	hu4 shi	nurse
只好	=	zhi3 hao3	to have no choice but
邮局	郵局	you2 ju2	post office
却	卻	que4	but, yet
塑料袋	=	su4 liao4 dai4	plastic bag
推	=	tui1	to push
正常	=	zheng4 chang2	normal
对话	對話	dui4 hua4	dialogue
获得	獲得	huo4 de2	to obtain
掉	=	diao4	to drop, to fall
收入	=	shou1 ru4	income
苦	=	ku3	bitter
胳膊	=	ge1 bo	arm
世纪	世紀	shi4 ji4	century
提	=	ti2	to carry; to mention
按时	按時	an4 shi2	on time
困	睏	kun4	sleepy
免费	免費	mian3 fei4	free of charge
判断	判斷	pan4 duan4	to judge
数字	數字	shu4 zi4	number, digit
养成	養成	yang3 cheng2	to form (a habit)
号码	號碼	hao4 ma3	number
咳嗽	=	ke2 sou	to cough
提供	=	ti2 gong1	to provide
放暑假	=	fang4 shu3 jia4	summer vacation
干	幹	gan4	to do
肯定	=	ken3 ding4	definitely
任务	任務	ren4 wu	task
作用	=	zuo4 yong4	effect, function
意见	意見	yi4 jian4	opinion
丢	丟	diu1	to lose
到处	到處	dao4 chu4	everywhere
及时	及時	ji2 shi2	in time
回忆	回憶	hui2 yi4	to recall
云	雲	yun2	cloud
自信	=	zi4 xin4	self-confident
管理	=	guan3 li3	to manage
性别	性別	xing4 bie2	gender
专门	專門	zhuan1 men2	specially
刀	=	dao1	knife
迷路	=	mi2 lu4	to get lost
母亲	母親	mu3 qin1	mother
样子	樣子	yang4 zi	appearance
解释	解釋	jie3 shi4	to explain
付款	=	fu4 kuan3	to pay
数量	數量	shu4 liang4	quantity
实在	實在	shi2 zai4	really, honestly
不过	不過	bu2 guo4	but, however
既然	=	ji4 ran2	since, now that
使用	=	shi3 yong4	to use
邀请	邀請	yao1 qing3	to invite
举办	舉辦	ju3 ban4	to hold (an event)
富	=	fu4	rich
条件	條件	tiao2 jian4	condition
诚实	誠實	cheng2 shi2	honest
能力	=	neng2 li4	ability
并且	並且	bing4 qie3	and, moreover
正式	=	zheng4 shi4	formal
入口	=	ru4 kou3	entrance
技术	技術	ji4 shu4	technology
感谢	感謝	gan3 xie4	to thank
困难	困難	kun4 nan	difficulty
售货员	售貨員	shou4 huo4 yuan2	salesperson
内	內	nei4	inside
理想	=	li3 xiang3	ideal
阅读	閱讀	yue4 du2	reading
友好	=	you3 hao3	friendly
京剧	京劇	jing1 ju4	Beijing opera
脱	脫	tuo1	to take off
实际	實際	shi2 ji4	actual
经历	經歷	jing1 li4	to go through
眼镜	眼鏡	yan3 jing4	glasses
甚至	=	shen4 zhi4	even
标准	標準	biao1 zhun3	standard
表扬	表揚	biao3 yang2	to praise
考虑	考慮	kao3 lv4	to consider
景色	=	jing3 se4	scenery
地点	地點	di4 dian3	place
幽默	=	you1 mo4	humorous
盐	鹽	yan2	salt
抽烟	抽煙	chou1 yan1	to smoke
动作	動作	dong4 zuo4	movement
大夫	=	dai4 fu	doctor
成为	成為	cheng2 wei2	to become
浪费	浪費	lang4 fei4	to waste
准确	準確	zhun3 que4	accurate
十分	=	shi2 fen1	very
零钱	零錢	ling2 qian2	small change
广播	廣播	guang3 bo1	broadcast
仍然	=	reng2 ran2	still
生活	=	sheng1 huo2	life
确实	確實	que4 shi2	indeed
低	=	di1	low
葡萄	=	pu2 tao	grape
恐怕	=	kong3 pa4	I'm afraid that
巧克力	=	qiao3 ke4 li4	chocolate
加班	=	jia1 ban1	to work overtime
打扮	=	da3 ban	to dress up
餐厅	餐廳	can1 ting1	restaurant
留	=	liu2	to stay, to leave
千万	千萬	qian1 wan4	be sure to
左右	=	zuo3 you4	about, around
孙子	孫子	sun1 zi	grandson
占线	佔線	zhan4 xian4	the line is busy
价格	價格	jia4 ge2	price
羡慕	羨慕	xian4 mu4	to envy
律师	律師	lv4 shi1	lawyer
客厅	客廳	ke4 ting1	living room
广告	廣告	guang3 gao4	advertisement
举	舉	ju3	to raise
国际	國際	guo2 ji4	international
收	=	shou1	to receive
爱情	愛情	ai4 qing2	love (romantic)
尊重	=	zun1 zhong4	to respect
份	=	fen4	measure: portions
知识	知識	zhi1 shi	knowledge
之	=	zhi1	of (formal)
趟	=	tang4	measure: trips
值得	=	zhi2 de2	to be worth
重视	重視	zhong4 shi4	to value
由	=	you2	by, from
看法	=	kan4 fa3	opinion
美丽	美麗	mei3 li4	beautiful
传真	傳真	chuan2 zhen1	fax
存	=	cun2	to save, to deposit
批评	批評	pi1 ping2	to criticize
冷静	冷靜	leng3 jing4	calm
危险	危險	wei1 xian3	dangerous
安全	=	an1 quan2	safe
感觉	感覺	gan3 jue2	feeling; to feel
社会	社會	she4 hui4	society
适合	適合	shi4 he2	to suit
演员	演員	yan3 yuan2	actor
网球	網球	wang3 qiu2	tennis
地球	=	di4 qiu2	the Earth
约会	約會	yue1 hui4	date, appointment
即使	=	ji2 shi3	even if
然而	=	ran2 er2	however
连	連	lian2	even
仔细	仔細	zi3 xi4	careful
教授	=	jiao4 shou4	professor
开玩笑	開玩笑	kai1 wan2 xiao4	to joke
光	=	guang1	light; only
对面	對面	dui4 mian4	opposite
材料	=	cai2 liao4	material
谈	談	tan2	to talk
交通	=	jiao1 tong1	traffic
结果	結果	jie2 guo3	result
矿泉水	礦泉水	kuang4 quan2 shui3	mineral water
基础	基礎	ji1 chu3	foundation
污染	=	wu1 ran3	pollution
幸福	=	xing4 fu2	happiness
吃惊	吃驚	chi1 jing1	to be surprised
减少	減少	jian3 shao3	to reduce
烤鸭	烤鴨	kao3 ya1	roast duck
否则	否則	fou3 ze2	otherwise
是否	=	shi4 fou3	whether
国籍	國籍	guo2 ji2	nationality
作者	=	zuo4 zhe3	author
引起	=	yin3 qi3	to cause
详细	詳細	xiang2 xi4	detailed
重点	重點	zhong4 dian3	key point
以	=	yi3	with, by
转	轉	zhuan3	to turn
互相	=	hu4 xiang1	each other
观众	觀眾	guan1 zhong4	audience
百分之	=	bai3 fen1 zhi1	percent
辣	=	la4	spicy
脾气	脾氣	pi2 qi	temper
现金	現金	xian4 jin1	cash
表示	=	biao3 shi4	to express
大使馆	大使館	da4 shi3 guan3	embassy
提前	=	ti2 qian2	in advance
一切	=	yi1 qie4	everything
抬	=	tai2	to lift
科学	科學	ke1 xue2	science
窗户	窗戶	chuang1 hu	window
往往	=	wang3 wang3	often
毕业	畢業	bi4 ye4	to graduate
长城	長城	chang2 cheng2	the Great Wall
倍	=	bei4	times (multiple)
紧张	緊張	jin3 zhang1	nervous
硕士	碩士	shuo4 shi4	master's degree
深	=	shen1	deep
原来	原來	yuan2 lai2	originally
原谅	原諒	yuan2 liang4	to forgive
难道	難道	nan2 dao4	could it be that
道歉	=	dao4 qian4	to apologize
特点	特點	te4 dian3	characteristic
不得不	=	bu4 de2 bu4	to have to
力气	力氣	li4 qi	strength
房东	房東	fang2 dong1	landlord
效果	=	xiao4 guo3	effect
日记	日記	ri4 ji4	diary
受到	=	shou4 dao4	to receive
感动	感動	gan3 dong4	moved, touched
允许	允許	yun3 xu3	to allow
棒	=	bang4	great
到底	=	dao4 di3	after all
著名	=	zhu4 ming2	famous
安排	=	an1 pai2	to arrange
方面	=	fang1 mian4	aspect
招聘	=	zhao1 pin4	to recruit
填空	=	tian2 kong4	fill in the blanks
失败	失敗	shi1 bai4	to fail
职业	職業	zhi2 ye4	occupation
镜子	鏡子	jing4 zi	mirror
皮肤	皮膚	pi2 fu1	skin
缺点	缺點	que1 dian3	shortcoming
登机牌	登機牌	deng1 ji1 pai2	boarding pass
文章	=	wen2 zhang1	article
敲	=	qiao1	to knock
申请	申請	shen1 qing3	to apply
打扰	打擾	da3 rao3	to disturb
要是	=	yao4 shi	if
坚持	堅持	jian1 chi2	to persist
响	響	xiang3	to ring; loud
肚子	=	du4 zi	belly
桥	橋	qiao2	bridge
排列	=	pai2 lie4	to arrange in order
共同	=	gong4 tong2	common, together
差不多	=	cha4 bu duo1	almost
直接	=	zhi2 jie1	direct
与	與	yu3	and, with
盒子	=	he2 zi	box
高速公路	=	gao1 su4 gong1 lu4	highway
语法	語法	yu3 fa3	grammar
其次	=	qi2 ci4	secondly
所有	=	suo3 you3	all
停	=	ting2	to stop
于是	於是	yu2 shi4	so, thereupon
输	輸	shu1	to lose (a game)
尤其	=	you2 qi2	especially
座位	=	zuo4 wei4	seat
其中	=	qi2 zhong1	among them
关键	關鍵	guan1 jian4	key, crucial
合适	合適	he2 shi4	suitable
得	=	dei3	must
小吃	=	xiao3 chi1	snack
翻译	翻譯	fan1 yi4	to translate
节	節	jie2	measure: classes
原因	=	yuan2 yin1	reason
重	=	zhong4	heavy
支持	=	zhi1 chi2	to support
许多	許多	xu3 duo1	many
只要	=	zhi3 yao4	as long as
伤心	傷心	shang1 xin1	sad
顺序	順序	shun4 xu4	order, sequence
普通话	普通話	pu3 tong1 hua4	Mandarin
将来	將來	jiang1 lai2	the future
流利	=	liu2 li4	fluent
从来	從來	cong2 lai2	always, never
另外	=	ling4 wai4	in addition
果汁	=	guo3 zhi1	fruit juice
以为	以為	yi3 wei2	to think (wrongly)
汗	=	han4	sweat
大约	大約	da4 yue1	about, roughly
感情	=	gan3 qing2	feeling, emotion
郊区	郊區	jiao1 qu1	suburbs
丰富	豐富	feng1 fu4	rich, plentiful
首都	=	shou3 du1	capital city
无	無	wu2	without, none
来得及	來得及	lai2 de ji2	there's still time
复印	複印	fu4 yin4	to photocopy
赶	趕	gan3	to rush
敢	=	gan3	to dare
糖	=	tang2	sugar, candy
比如	=	bi3 ru2	for example
堵车	堵車	du3 che1	traffic jam
可惜	=	ke3 xi1	what a pity
方法	=	fang1 fa3	method
主意	=	zhu3 yi	idea
优秀	優秀	you1 xiu4	excellent
阳光	陽光	yang2 guang1	sunshine
信息	=	xin4 xi1	information
饺子	餃子	jiao3 zi	dumpling
方向	=	fang1 xiang4	direction
通知	=	tong1 zhi1	to notify
推迟	推遲	tui1 chi2	to postpone
呀	=	ya	ah (particle)
误会	誤會	wu4 hui4	misunderstanding
负责	負責	fu4 ze2	responsible for
优点	優點	you1 dian3	strong point
聚会	聚會	ju4 hui4	party, get-together
儿童	兒童	er2 tong2	children
钥匙	鑰匙	yao4 shi	key
降落	=	jiang4 luo4	to land
严重	嚴重	yan2 zhong4	serious
信封	=	xin4 feng1	envelope
来自	來自	lai2 zi4	to come from
讨论	討論	tao3 lun4	to discuss
错误	錯誤	cuo4 wu4	mistake
遍	=	bian4	measure: times through
研究	=	yan2 jiu1	research
改变	改變	gai3 bian4	to change
整理	=	zheng3 li3	to tidy, to sort out
棵	=	ke1	measure: trees
理解	=	li3 jie3	to understand
租	=	zu1	to rent
座	=	zuo4	measure: buildings
当时	當時	dang1 shi2	at that time
轻松	輕鬆	qing1 song1	relaxed
密码	密碼	mi4 ma3	password
香	=	xiang1	fragrant
生意	=	sheng1 yi	business
不管	=	bu4 guan3	no matter
部分	=	bu4 fen	part
不仅	不僅	bu4 jin3	not only
词语	詞語	ci2 yu3	word, expression
也许	也許	ye3 xu3	maybe
教育	=	jiao4 yu4	education
法律	=	fa3 lv4	law
尽管	儘管	jin3 guan3	although
重新	=	chong2 xin1	again, anew
流行	=	liu2 xing2	popular
羽毛球	=	yu3 mao2 qiu2	badminton
积极	積極	ji1 ji2	active, positive
总结	總結	zong3 jie2	to sum up
熟悉	=	shu2 xi1	familiar with
艺术	藝術	yi4 shu4	art
等	=	deng3	and so on
精彩	=	jing1 cai3	wonderful
表演	=	biao3 yan3	to perform
积累	積累	ji1 lei3	to accumulate
按照	=	an4 zhao4	according to
旅行	=	lv3 xing2	to travel
好像	=	hao3 xiang4	to seem
倒	=	dao4	to pour; upside down
秒	=	miao3	second
继续	繼續	ji4 xu4	to continue
干杯	乾杯	gan1 bei1	cheers
打针	打針	da3 zhen1	to get an injection
顾客	顧客	gu4 ke4	customer
准时	準時	zhun3 shi2	punctual
无聊	無聊	wu2 liao2	boring
短信	=	duan3 xin4	text message
年龄	年齡	nian2 ling2	age
挂	掛	gua4	to hang
尝	嘗	chang2	to taste
台	=	tai2	measure: machines
穷	窮	qiong2	poor
至少	=	zhi4 shao3	at least
袜子	襪子	wa4 zi	socks
语言	語言	yu3 yan2	language
脏	髒	zang1	dirty
交	=	jiao1	to hand in
普遍	=	pu3 bian4	common, widespread
首先	=	shou3 xian1	first of all
导游	導遊	dao3 you2	tour guide
亚洲	亞洲	ya4 zhou1	Asia
害羞	=	hai4 xiu1	shy
鼓励	鼓勵	gu3 li4	to encourage
咱们	咱們	zan2 men	we (including you)
保证	保證	bao3 zheng4	to guarantee
航班	=	hang2 ban1	flight
压力	壓力	ya1 li4	pressure
植物	=	zhi2 wu4	plant
生命	=	sheng1 ming4	life (being alive)
估计	估計	gu1 ji4	to estimate
修理	=	xiu1 li3	to repair
牙膏	=	ya2 gao1	toothpaste
无论	無論	wu2 lun4	no matter what
场	場	chang3	measure: events
热闹	熱鬧	re4 nao	lively, bustling
森林	=	sen1 lin2	forest
超过	超過	chao1 guo4	to exceed
周围	周圍	zhou1 wei2	surroundings
橡皮	=	xiang4 pi2	eraser
马虎	馬虎	ma3 hu	careless
活动	活動	huo2 dong4	activity
签证	簽證	qian1 zheng4	visa
复杂	複雜	fu4 za2	complicated
距离	距離	ju4 li2	distance
俩	倆	lia3	two (people)
警察	=	jing3 cha2	police
答案	=	da2 an4	answer
而	=	er2	and, but
破	=	po4	broken
减肥	減肥	jian3 fei2	to lose weight
骗	騙	pian4	to cheat
完全	=	wan2 quan2	completely
散步	=	san4 bu4	to take a walk
激动	激動	ji1 dong4	excited
厉害	厲害	li4 hai	awesome, fierce
卫生间	衛生間	wei4 sheng1 jian1	restroom
奖金	獎金	jiang3 jin1	bonus
弹钢琴	彈鋼琴	tan2 gang1 qin2	to play the piano
最好	=	zui4 hao3	had better
假	=	jia3	fake
故意	=	gu4 yi4	on purpose
全部	=	quan2 bu4	all, whole
兴奋	興奮	xing1 fen4	excited
友谊	友誼	you3 yi4	friendship
凉快	涼快	liang2 kuai	pleasantly cool
小伙子	小夥子	xiao3 huo3 zi	young man
乘坐	=	cheng2 zuo4	to ride (transport)
得意	=	de2 yi4	pleased with oneself
成功	=	cheng2 gong1	success
垃圾桶	=	la1 ji1 tong3	trash can
难受	難受	nan2 shou4	to feel unwell
究竟	=	jiu1 jing4	after all, exactly
寒假	=	han2 jia4	winter vacation
咸	鹹	xian2	salty
同时	同時	tong2 shi2	at the same time
乱	亂	luan4	messy
提醒	=	ti2 xing3	to remind
汤	湯	tang1	soup
家具	=	jia1 ju4	furniture
应聘	應聘	ying4 pin4	to apply for a job
偶尔	偶爾	ou3 er3	occasionally
满	滿	man3	full
包子	=	bao1 zi	steamed bun
民族	=	min2 zu2	ethnic group
正确	正確	zheng4 que4	correct
地址	=	di4 zhi3	address
联系	聯繫	lian2 xi4	to contact
醒	=	xing3	to wake up
可怜	可憐	ke3 lian2	pitiful
活泼	活潑	huo2 po	lively
可是	=	ke3 shi4	but
印象	=	yin4 xiang4	impression
受不了	=	shou4 bu liao3	can't stand
轻	輕	qing1	light (weight)
底	=	di3	bottom
失望	=	shi1 wang4	disappointed
自然	=	zi4 ran2	nature; natural
弄	=	nong4	to do, to handle
好处	好處	hao3 chu4	benefit
加油站	=	jia1 you2 zhan4	gas station
理发	理髮	li3 fa4	to get a haircut
拉	=	la1	to pull
博士	=	bo2 shi4	doctor (PhD)
接着	接著	jie1 zhe	next, then
来不及	來不及	lai2 bu ji2	too late for
烦恼	煩惱	fan2 nao3	worried, upset
互联网	互聯網	hu4 lian2 wang3	Internet
例如	=	li4 ru2	for example
商量	=	shang1 liang	to discuss
暂时	暫時	zan4 shi2	temporarily
有趣	=	you3 qu4	interesting
禁止	=	jin4 zhi3	to forbid
粗心	=	cu1 xin1	careless
麻烦	麻煩	ma2 fan	trouble
证明	證明	zheng4 ming2	to prove
速度	=	su4 du4	speed
表格	=	biao3 ge2	form, table
打折	=	da3 zhe2	to give a discount
调查	調查	diao4 cha2	to investigate
规定	規定	gui1 ding4	rule
学期	學期	xue2 qi1	semester
顺便	順便	shun4 bian4	by the way
发展	發展	fa1 zhan3	to develop
耐心	=	nai4 xin1	patient
举行	舉行	ju3 xing2	to hold (a meeting)
