# Measure words. The english says what each one counts. Columns: simplified, traditional (= if the same), pinyin, english.
# Pinyin: one syllable per space, tone digit 1-4 at the end, none for neutral tone, v for u-umlaut.
个	個	ge4	general things
本	=	ben3	books
张	張	zhang1	flat things
只	隻	zhi1	animals
条	條	tiao2	long thin things
件	=	jian4	clothes, matters
杯	=	bei1	cups
瓶	=	ping2	bottles
碗	=	wan3	bowls
块	塊	kuai4	pieces; yuan
位	=	wei4	people (polite)
口	=	kou3	family members
辆	輛	liang4	vehicles
家	=	jia1	businesses
双	雙	shuang1	pairs
次	=	ci4	times, occasions
些	=	xie1	some, a few
种	種	zhong3	kinds
层	層	ceng2	floors, layers
棵	=	ke1	trees
把	=	ba3	things with handles
台	=	tai2	machines
支	=	zhi1	pens, sticks
朵	=	duo3	flowers
封	=	feng1	letters
岁	歲	sui4	years of age
头	頭	tou2	livestock
片	=	pian4	slices
座	=	zuo4	buildings
首	=	shou3	songs, poems
