# Numbers and time. Columns: simplified, traditional (= if the same), pinyin, english.
# Pinyin: one syllable per space, tone digit 1-4 at the end, none for neutral tone, v for u-umlaut.
零	=	ling2	zero
一	=	yi1	one
二	=	er4	two
三	=	san1	three
四	=	si4	four
五	=	wu3	five
六	=	liu4	six
七	=	qi1	seven
八	=	ba1	eight
九	=	jiu3	nine
十	=	shi2	ten
两	兩	liang3	two (of something)
百	=	bai3	hundred
千	=	qian1	thousand
万	萬	wan4	ten thousand
亿	億	yi4	hundred million
半	=	ban4	half
第一	=	di4 yi1	first
几	幾	ji3	how many; a few
多少	=	duo1 shao	how many, how much
点	點	dian3	o'clock
分钟	分鐘	fen1 zhong1	minute
小时	小時	xiao3 shi2	hour
今天	=	jin1 tian1	today
明天	=	ming2 tian1	tomorrow
昨天	=	zuo2 tian1	yesterday
星期	=	xing1 qi1	week
月	=	yue4	month
年	=	nian2	year
现在	現在	xian4 zai4	now
早上	=	zao3 shang	morning
中午	=	zhong1 wu3	noon
晚上	=	wan3 shang	evening
