# Travel. Columns: simplified, traditional (= if the same), pinyin, english.
# Pinyin: one syllable per space, tone digit 1-4 at the end, none for neutral tone, v for u-umlaut.
机场	機場	ji1 chang3	airport
火车站	火車站	huo3 che1 zhan4	train station
地铁	地鐵	di4 tie3	subway
出租车	出租車	chu1 zu1 che1	taxi
公共汽车	公共汽車	gong1 gong4 qi4 che1	bus
飞机	飛機	fei1 ji1	airplane
票	=	piao4	ticket
护照	護照	hu4 zhao4	passport
签证	簽證	qian1 zheng4	visa
行李	=	xing2 li	luggage
酒店	=	jiu3 dian4	hotel
房间	房間	fang2 jian1	room
地图	地圖	di4 tu2	map
洗手间	洗手間	xi3 shou3 jian1	restroom
银行	銀行	yin2 hang2	bank
医院	醫院	yi1 yuan4	hospital
左	=	zuo3	left
右	=	you4	right
前面	=	qian2 mian	in front
后面	後面	hou4 mian	behind
远	遠	yuan3	far
近	=	jin4	near
多少钱	多少錢	duo1 shao qian2	how much is it
太贵了	太貴了	tai4 gui4 le	too expensive
便宜	=	pian2 yi	cheap
请问	請問	qing3 wen4	excuse me (asking)
谢谢	謝謝	xie4 xie	thank you
对不起	對不起	dui4 bu qi3	sorry
听不懂	聽不懂	ting1 bu dong3	I don't understand
帮助	幫助	bang1 zhu4	help
警察	=	jing3 cha2	police
